[
    {
        "pk": 1,
        "model": "tvseries.tvshow",
        "fields": {
            "poster": "poster/MV5BMjI1NDg3MDU5Nl5BMl5BanBnXkFtZTcwMDg0ODg5OQ._V1_SX214_AL_.jpg",
            "name": "It's Always Sunny in Philadelphia",
            "description": "Four young friends with big egos and slightly arrogant attitudes are the proprietors of an Irish bar in Philadelphia."
        }
    },
    {
        "pk": 2,
        "model": "tvseries.tvshow",
        "fields": {
            "poster": "poster/MV5BMTk0NDg4NjQ5N15BMl5BanBnXkFtZTgwMzkzNTgyMTE._V1_SX214_AL_.jpg",
            "name": "Game of Thrones",
            "description": "Seven noble families fight for control of the mythical land of Westeros."
        }
    },
    {
        "pk": 3,
        "model": "tvseries.tvshow",
        "fields": {
            "poster": "poster/MV5BMTk3NDI1MDM5MV5BMl5BanBnXkFtZTcwNjkyODIxOQ._V1_SY317_CR190214317_AL_.jpg",
            "name": "Hannibal",
            "description": "Explores the early relationship between the renowned psychiatrist and his patient, a young FBI criminal profiler, who is haunted by his ability to empathize with serial killers."
        }
    },
    {
        "pk": 4,
        "model": "tvseries.tvshow",
        "fields": {
            "poster": "poster/MV5BMjA2NjI1Mzg2MV5BMl5BanBnXkFtZTgwMTI2MzE1MDE._V1_SX214_AL_.jpg",
            "name": "True Detective",
            "description": "The lives of two detectives, Rust Cohle and Martin Hart, become entangled during a 17-year hunt for a serial killer in Louisiana."
        }
    },
    {
        "pk": 1,
        "model": "tvseries.season",
        "fields": {
            "number": 9,
            "tvshow": 1
        }
    },
    {
        "pk": 2,
        "model": "tvseries.season",
        "fields": {
            "number": 4,
            "tvshow": 2
        }
    },
    {
        "pk": 3,
        "model": "tvseries.season",
        "fields": {
            "number": 1,
            "tvshow": 3
        }
    },
    {
        "pk": 4,
        "model": "tvseries.season",
        "fields": {
            "number": 1,
            "tvshow": 4
        }
    },
    {
        "pk": 1,
        "model": "tvseries.episode",
        "fields": {
            "season": 1,
            "description": "The Gang Broke Dee",
            "location": "https://docs.google.com/file/d/0B1Dfa5I-Le76TDVDWnJMY0xncDQ/preview",
            "number": 1,
            "title": "The Gang Broke Dee"
        }
    },
    {
        "pk": 2,
        "model": "tvseries.episode",
        "fields": {
            "season": 1,
            "description": "Gun Fever Too: Still Hot",
            "location": "https://docs.google.com/file/d/0B1Dfa5I-Le76ZzZRTFpMVzY3WDg/preview",
            "number": 2,
            "title": "Gun Fever Too: Still Hot"
        }
    },
    {
        "pk": 3,
        "model": "tvseries.episode",
        "fields": {
            "season": 1,
            "description": "The Gang Tries Desperately to Win an Award",
            "location": "https://docs.google.com/file/d/0B1Dfa5I-Le76eGJzVGhSX3VaVk0/preview",
            "number": 3,
            "title": "The Gang Tries Desperately to Win an Award"
        }
    },
    {
        "pk": 4,
        "model": "tvseries.episode",
        "fields": {
            "season": 1,
            "description": "Mac and Dennis Buy a Timeshare",
            "location": "https://docs.google.com/file/d/0B1Dfa5I-Le76MlhOdHRvbWpjRGc/preview",
            "number": 4,
            "title": "Mac and Dennis Buy a Timeshare"
        }
    },
    {
        "pk": 5,
        "model": "tvseries.episode",
        "fields": {
            "season": 1,
            "description": "Mac Day",
            "location": "https://docs.google.com/file/d/0B1Dfa5I-Le76SWxhVGVkTW56dEk/preview",
            "number": 5,
            "title": "Mac Day"
        }
    },
    {
        "pk": 6,
        "model": "tvseries.episode",
        "fields": {
            "season": 1,
            "description": "The Gang Saves the Day",
            "location": "https://docs.google.com/file/d/0B1Dfa5I-Le76X18zWld4VGFGS2M/preview",
            "number": 6,
            "title": "The Gang Saves the Day"
        }
    },
    {
        "pk": 7,
        "model": "tvseries.episode",
        "fields": {
            "season": 1,
            "description": "The Gang Gets Quarantined",
            "location": "https://docs.google.com/file/d/0B1Dfa5I-Le76RUR5MjBXbDVRWDg/preview",
            "number": 7,
            "title": "The Gang Gets Quarantined"
        }
    },
    {
        "pk": 8,
        "model": "tvseries.episode",
        "fields": {
            "season": 1,
            "description": "Flowers for Charlie",
            "location": "https://docs.google.com/file/d/0B1Dfa5I-Le76bERLZ3IwXzNwS0k/preview",
            "number": 8,
            "title": "Flowers for Charlie"
        }
    },
    {
        "pk": 9,
        "model": "tvseries.episode",
        "fields": {
            "season": 1,
            "description": "The Gang Makes Lethal Weapon 6",
            "location": "https://docs.google.com/file/d/0B1Dfa5I-Le76eTRfWEFBaFBKSVE/preview",
            "number": 9,
            "title": "The Gang Makes Lethal Weapon 6"
        }
    },
    {
        "pk": 10,
        "model": "tvseries.episode",
        "fields": {
            "season": 1,
            "description": "The Gang Squashes Their Beefs",
            "location": "https://docs.google.com/file/d/0B1Dfa5I-Le76YlFUeHo1RnhKYmM/preview",
            "number": 10,
            "title": "The Gang Squashes Their Beefs"
        }
    },
    {
        "pk": 11,
        "model": "tvseries.episode",
        "fields": {
            "season": 2,
            "description": "Two Swords",
            "location": "https://docs.google.com/file/d/0B00PwPPM4oCIR0RIVEdTakNjekk/preview",
            "number": 1,
            "title": "Two Swords"
        }
    },
    {
        "pk": 13,
        "model": "tvseries.episode",
        "fields": {
            "season": 2,
            "description": "Breaker of Chains",
            "location": "https://docs.google.com/file/d/0B00PwPPM4oCIazlGR3VKT0tUYTg/preview",
            "number": 3,
            "title": "Breaker of Chains"
        }
    },
    {
        "pk": 14,
        "model": "tvseries.episode",
        "fields": {
            "season": 2,
            "description": "Oathkeeper",
            "location": "https://docs.google.com/file/d/0B00PwPPM4oCIcFFiRGRhcHVYOXc/preview",
            "number": 4,
            "title": "Oathkeeper"
        }
    },
    {
        "pk": 15,
        "model": "tvseries.episode",
        "fields": {
            "season": 2,
            "description": "First of His Name",
            "location": "https://docs.google.com/file/d/0B00PwPPM4oCIcFZVZVljYnZjSFU/preview",
            "number": 5,
            "title": "First of His Name"
        }
    },
    {
        "pk": 16,
        "model": "tvseries.episode",
        "fields": {
            "season": 2,
            "description": "The Laws of Gods and Men",
            "location": "https://docs.google.com/file/d/0B00PwPPM4oCIZXhFc2MxRGJqcWc/preview",
            "number": 6,
            "title": "The Laws of Gods and Men"
        }
    },
    {
        "pk": 17,
        "model": "tvseries.episode",
        "fields": {
            "season": 2,
            "description": "Mockingbird",
            "location": "https://docs.google.com/file/d/0B00PwPPM4oCIRjc4TG0tZ3RWM1k/preview",
            "number": 7,
            "title": "Mockingbird"
        }
    },
    {
        "pk": 18,
        "model": "tvseries.episode",
        "fields": {
            "season": 2,
            "description": "The Lion and the Rose",
            "location": "https://docs.google.com/file/d/0B_v6GKOK5J5WQlJ2S0pxb2hjZHM/preview",
            "number": 2,
            "title": "The Lion and the Rose"
        }
    },
    {
        "pk": 19,
        "model": "tvseries.episode",
        "fields": {
            "season": 3,
            "description": "Ap\u00e9ritif",
            "location": "https://docs.google.com/file/d/0B_v6GKOK5J5WUHVBMjJwSlBGZDQ/preview",
            "number": 1,
            "title": "Ap\u00e9ritif"
        }
    },
    {
        "pk": 20,
        "model": "tvseries.episode",
        "fields": {
            "season": 3,
            "description": "Amuse-Bouche",
            "location": "https://docs.google.com/file/d/0B_v6GKOK5J5WU3cwZERUU2lieVE/preview",
            "number": 2,
            "title": "Amuse-Bouche"
        }
    },
    {
        "pk": 21,
        "model": "tvseries.episode",
        "fields": {
            "season": 3,
            "description": "Potage",
            "location": "https://docs.google.com/file/d/0B_v6GKOK5J5WQXhlMmtKVEwwNVU/preview",
            "number": 3,
            "title": "Potage"
        }
    },
    {
        "pk": 22,
        "model": "tvseries.episode",
        "fields": {
            "season": 3,
            "description": "\u0152uf",
            "location": "https://docs.google.com/file/d/0B_v6GKOK5J5WRWZwZDBqLTZ5X2c/preview",
            "number": 4,
            "title": "\u0152uf"
        }
    },
    {
        "pk": 23,
        "model": "tvseries.episode",
        "fields": {
            "season": 3,
            "description": "Coquilles",
            "location": "https://docs.google.com/file/d/0B_v6GKOK5J5WcTU3V2dvWW9XTlE/preview",
            "number": 5,
            "title": "Coquilles"
        }
    },
    {
        "pk": 24,
        "model": "tvseries.episode",
        "fields": {
            "season": 3,
            "description": "Entr\u00e9e",
            "location": "https://docs.google.com/file/d/0B_v6GKOK5J5WQ0hkR01XOHFHa0E/preview",
            "number": 6,
            "title": "Entr\u00e9e"
        }
    },
    {
        "pk": 25,
        "model": "tvseries.episode",
        "fields": {
            "season": 4,
            "description": "The Long Bright Dark",
            "location": "https://docs.google.com/file/d/0BzEu9HhZ1Ng2LUNoWjg1TXVRdDQ/preview",
            "number": 1,
            "title": "The Long Bright Dark"
        }
    },
    {
        "pk": 26,
        "model": "tvseries.episode",
        "fields": {
            "season": 4,
            "description": "Seeing Things",
            "location": "https://docs.google.com/file/d/0BzEu9HhZ1Ng2QUJDMms2LUx3YWM/preview",
            "number": 2,
            "title": "Seeing Things"
        }
    },
    {
        "pk": 27,
        "model": "tvseries.episode",
        "fields": {
            "season": 4,
            "description": "The Locked Room",
            "location": "https://docs.google.com/file/d/0BzEu9HhZ1Ng2RWxKc0QxSkVKbGM/preview",
            "number": 3,
            "title": "The Locked Room"
        }
    },
    {
        "pk": 28,
        "model": "tvseries.episode",
        "fields": {
            "season": 4,
            "description": "Who Goes There",
            "location": "https://docs.google.com/file/d/0BzEu9HhZ1Ng2bk1yTWhEVGpjR3M/preview",
            "number": 4,
            "title": "Who Goes There"
        }
    },
    {
        "pk": 29,
        "model": "tvseries.episode",
        "fields": {
            "season": 2,
            "description": "The Mountain and the Viper",
            "location": "https://docs.google.com/file/d/0B00PwPPM4oCIdzVHMlo3bVBWaXM/preview",
            "number": 8,
            "title": "The Mountain and the Viper"
        }
    },
    {
        "pk": 30,
        "model": "tvseries.episode",
        "fields": {
            "season": 3,
            "description": "Sorbet",
            "location": "https://docs.google.com/file/d/0BzEu9HhZ1Ng2WjdHRjdBV0duOWc/preview",
            "number": 7,
            "title": "Sorbet"
        }
    },
    {
        "pk": 31,
        "model": "tvseries.episode",
        "fields": {
            "season": 3,
            "description": "Fromage",
            "location": "https://docs.google.com/file/d/0BzEu9HhZ1Ng2cVhnNjYtYlJoNHc/preview",
            "number": 8,
            "title": "Fromage"
        }
    },
    {
        "pk": 32,
        "model": "tvseries.episode",
        "fields": {
            "season": 3,
            "description": "Trou Normand",
            "location": "https://docs.google.com/file/d/0BzEu9HhZ1Ng2OXB2dE1GbXIyeE0/preview",
            "number": 9,
            "title": "Trou Normand"
        }
    },
    {
        "pk": 33,
        "model": "tvseries.episode",
        "fields": {
            "season": 3,
            "description": "Buffet Froid",
            "location": "https://docs.google.com/file/d/0BzEu9HhZ1Ng2aDA4M3dzeTdyWkU/preview",
            "number": 10,
            "title": "Buffet Froid"
        }
    },
    {
        "pk": 34,
        "model": "tvseries.episode",
        "fields": {
            "season": 3,
            "description": "R\u00f4ti",
            "location": "https://docs.google.com/file/d/0BzEu9HhZ1Ng2dS1GdzhXbzZ1eVk/preview",
            "number": 11,
            "title": "R\u00f4ti"
        }
    },
    {
        "pk": 35,
        "model": "tvseries.episode",
        "fields": {
            "season": 3,
            "description": "Relev\u00e9s",
            "location": "https://docs.google.com/file/d/0BzEu9HhZ1Ng2NmczbGpHY0ZzZjA/preview",
            "number": 12,
            "title": "Relev\u00e9s"
        }
    },
    {
        "pk": 36,
        "model": "tvseries.episode",
        "fields": {
            "season": 3,
            "description": "Savoureux",
            "location": "https://docs.google.com/file/d/0BzEu9HhZ1Ng2bXlpeGdYb3dqd2M/preview",
            "number": 13,
            "title": "Savoureux"
        }
    },
    {
        "pk": 37,
        "model": "tvseries.episode",
        "fields": {
            "season": 4,
            "description": "The Secret Fate of All Life",
            "location": "https://docs.google.com/file/d/0BzEu9HhZ1Ng2clBrWjh4WG5RQkE/preview",
            "number": 5,
            "title": "The Secret Fate of All Life"
        }
    },
    {
        "pk": 38,
        "model": "tvseries.episode",
        "fields": {
            "season": 4,
            "description": "Haunted Houses",
            "location": "https://docs.google.com/file/d/0BzEu9HhZ1Ng2QU5qNk51QVJJSVk/preview",
            "number": 6,
            "title": "Haunted Houses"
        }
    },
    {
        "pk": 39,
        "model": "tvseries.episode",
        "fields": {
            "season": 4,
            "description": "After You've Gone",
            "location": "https://docs.google.com/file/d/0BzEu9HhZ1Ng2bmhpWXpiek1DeEk/preview",
            "number": 7,
            "title": "After You've Gone"
        }
    },
    {
        "pk": 40,
        "model": "tvseries.episode",
        "fields": {
            "season": 4,
            "description": "Form and Void",
            "location": "https://docs.google.com/file/d/0BzEu9HhZ1Ng2N3J3Y0ZUWU1hNzg/preview",
            "number": 8,
            "title": "Form and Void"
        }
    }
]