[
    {
        "pk": 1,
        "model": "south.migrationhistory",
        "fields": {
            "applied": "2014-05-31 11:26:55",
            "app_name": "tvseries",
            "migration": "0001_initial"
        }
    },
    {
        "pk": 2,
        "model": "south.migrationhistory",
        "fields": {
            "applied": "2014-05-31 16:23:14",
            "app_name": "zmovies",
            "migration": "0001_initial"
        }
    },
    {
        "pk": 3,
        "model": "south.migrationhistory",
        "fields": {
            "applied": "2014-05-31 16:27:19",
            "app_name": "zmovies",
            "migration": "0002_auto__add_field_movie_poster__add_field_movie_description__add_field_m"
        }
    },
    {
        "pk": 4,
        "model": "south.migrationhistory",
        "fields": {
            "applied": "2014-05-31 16:28:57",
            "app_name": "tvseries",
            "migration": "0002_auto__add_field_tvshow_poster"
        }
    },
    {
        "pk": 5,
        "model": "south.migrationhistory",
        "fields": {
            "applied": "2014-06-03 13:25:22",
            "app_name": "zmovies",
            "migration": "0003_auto__add_field_movie_created__add_field_movie_modified"
        }
    },
    {
        "pk": 5,
        "model": "contenttypes.contenttype",
        "fields": {
            "model": "contenttype",
            "name": "content type",
            "app_label": "contenttypes"
        }
    },
    {
        "pk": 14,
        "model": "contenttypes.contenttype",
        "fields": {
            "model": "episode",
            "name": "episode",
            "app_label": "tvseries"
        }
    },
    {
        "pk": 2,
        "model": "contenttypes.contenttype",
        "fields": {
            "model": "group",
            "name": "group",
            "app_label": "auth"
        }
    },
    {
        "pk": 9,
        "model": "contenttypes.contenttype",
        "fields": {
            "model": "logentry",
            "name": "log entry",
            "app_label": "admin"
        }
    },
    {
        "pk": 4,
        "model": "contenttypes.contenttype",
        "fields": {
            "model": "message",
            "name": "message",
            "app_label": "auth"
        }
    },
    {
        "pk": 11,
        "model": "contenttypes.contenttype",
        "fields": {
            "model": "migrationhistory",
            "name": "migration history",
            "app_label": "south"
        }
    },
    {
        "pk": 8,
        "model": "contenttypes.contenttype",
        "fields": {
            "model": "movie",
            "name": "movie",
            "app_label": "movies"
        }
    },
    {
        "pk": 10,
        "model": "contenttypes.contenttype",
        "fields": {
            "model": "movie",
            "name": "movie",
            "app_label": "zmovies"
        }
    },
    {
        "pk": 1,
        "model": "contenttypes.contenttype",
        "fields": {
            "model": "permission",
            "name": "permission",
            "app_label": "auth"
        }
    },
    {
        "pk": 13,
        "model": "contenttypes.contenttype",
        "fields": {
            "model": "season",
            "name": "season",
            "app_label": "tvseries"
        }
    },
    {
        "pk": 6,
        "model": "contenttypes.contenttype",
        "fields": {
            "model": "session",
            "name": "session",
            "app_label": "sessions"
        }
    },
    {
        "pk": 7,
        "model": "contenttypes.contenttype",
        "fields": {
            "model": "site",
            "name": "site",
            "app_label": "sites"
        }
    },
    {
        "pk": 12,
        "model": "contenttypes.contenttype",
        "fields": {
            "model": "tvshow",
            "name": "tv show",
            "app_label": "tvseries"
        }
    },
    {
        "pk": 3,
        "model": "contenttypes.contenttype",
        "fields": {
            "model": "user",
            "name": "user",
            "app_label": "auth"
        }
    },
    {
        "pk": "1924a84e15c6e4e4b334145aa82edbb4",
        "model": "sessions.session",
        "fields": {
            "expire_date": "2014-06-16 22:25:45",
            "session_data": "Mjk2M2I5YzU3MjIyMWZmNjJjNDczNDAxNmFmNzY1NTIyZTMwZDQ5YzqAAn1xAVUKdGVzdGNvb2tp\nZXECVQZ3b3JrZWRxA3Mu\n"
        }
    },
    {
        "pk": "35bbcec34da1811745c55ec46ead0e38",
        "model": "sessions.session",
        "fields": {
            "expire_date": "2014-06-16 21:05:14",
            "session_data": "ODRhZTllYjYyODUxZDJlMDE4NWZhZDYyOWE4YTE4MTU2ZjA1MGM5NjqAAn1xAShVEl9hdXRoX3Vz\nZXJfYmFja2VuZHECVSlkamFuZ28uY29udHJpYi5hdXRoLmJhY2tlbmRzLk1vZGVsQmFja2VuZHED\nVQ1fYXV0aF91c2VyX2lkcQSKAQF1Lg==\n"
        }
    },
    {
        "pk": "3bcec8df3b5f1febfddd8da26c20574d",
        "model": "sessions.session",
        "fields": {
            "expire_date": "2014-06-16 22:25:54",
            "session_data": "Mjk2M2I5YzU3MjIyMWZmNjJjNDczNDAxNmFmNzY1NTIyZTMwZDQ5YzqAAn1xAVUKdGVzdGNvb2tp\nZXECVQZ3b3JrZWRxA3Mu\n"
        }
    },
    {
        "pk": "76ee60240af0ab30e46c19ab2661deee",
        "model": "sessions.session",
        "fields": {
            "expire_date": "2014-06-12 10:35:05",
            "session_data": "ODRhZTllYjYyODUxZDJlMDE4NWZhZDYyOWE4YTE4MTU2ZjA1MGM5NjqAAn1xAShVEl9hdXRoX3Vz\nZXJfYmFja2VuZHECVSlkamFuZ28uY29udHJpYi5hdXRoLmJhY2tlbmRzLk1vZGVsQmFja2VuZHED\nVQ1fYXV0aF91c2VyX2lkcQSKAQF1Lg==\n"
        }
    },
    {
        "pk": "800e34c3ffc6acf6161b2adf279caf63",
        "model": "sessions.session",
        "fields": {
            "expire_date": "2014-06-16 22:25:45",
            "session_data": "Mjk2M2I5YzU3MjIyMWZmNjJjNDczNDAxNmFmNzY1NTIyZTMwZDQ5YzqAAn1xAVUKdGVzdGNvb2tp\nZXECVQZ3b3JrZWRxA3Mu\n"
        }
    },
    {
        "pk": "a7c9724d212be73ac5ae54e4075181ca",
        "model": "sessions.session",
        "fields": {
            "expire_date": "2014-06-16 22:25:57",
            "session_data": "Mjk2M2I5YzU3MjIyMWZmNjJjNDczNDAxNmFmNzY1NTIyZTMwZDQ5YzqAAn1xAVUKdGVzdGNvb2tp\nZXECVQZ3b3JrZWRxA3Mu\n"
        }
    },
    {
        "pk": "c95cf051970fc4f366e08df927d56985",
        "model": "sessions.session",
        "fields": {
            "expire_date": "2014-06-16 22:29:07",
            "session_data": "Mjk2M2I5YzU3MjIyMWZmNjJjNDczNDAxNmFmNzY1NTIyZTMwZDQ5YzqAAn1xAVUKdGVzdGNvb2tp\nZXECVQZ3b3JrZWRxA3Mu\n"
        }
    },
    {
        "pk": "dd31194e3c9a9ac59940a8f687db1d84",
        "model": "sessions.session",
        "fields": {
            "expire_date": "2014-06-14 04:15:24",
            "session_data": "ODRhZTllYjYyODUxZDJlMDE4NWZhZDYyOWE4YTE4MTU2ZjA1MGM5NjqAAn1xAShVEl9hdXRoX3Vz\nZXJfYmFja2VuZHECVSlkamFuZ28uY29udHJpYi5hdXRoLmJhY2tlbmRzLk1vZGVsQmFja2VuZHED\nVQ1fYXV0aF91c2VyX2lkcQSKAQF1Lg==\n"
        }
    },
    {
        "pk": "e24e9435cf3a71b3399e03d0d78946f7",
        "model": "sessions.session",
        "fields": {
            "expire_date": "2014-06-16 22:25:50",
            "session_data": "ODRhZTllYjYyODUxZDJlMDE4NWZhZDYyOWE4YTE4MTU2ZjA1MGM5NjqAAn1xAShVEl9hdXRoX3Vz\nZXJfYmFja2VuZHECVSlkamFuZ28uY29udHJpYi5hdXRoLmJhY2tlbmRzLk1vZGVsQmFja2VuZHED\nVQ1fYXV0aF91c2VyX2lkcQSKAQF1Lg==\n"
        }
    },
    {
        "pk": 1,
        "model": "sites.site",
        "fields": {
            "domain": "example.com",
            "name": "example.com"
        }
    },
    {
        "pk": 84,
        "model": "admin.logentry",
        "fields": {
            "action_flag": 1,
            "action_time": "2014-06-02 21:12:11",
            "object_repr": "The Avengers",
            "object_id": "16",
            "change_message": "",
            "user": 1,
            "content_type": 10
        }
    },
    {
        "pk": 83,
        "model": "admin.logentry",
        "fields": {
            "action_flag": 2,
            "action_time": "2014-06-02 21:11:18",
            "object_repr": "Captain America: The First Avenger",
            "object_id": "15",
            "change_message": "Changed description.",
            "user": 1,
            "content_type": 10
        }
    },
    {
        "pk": 82,
        "model": "admin.logentry",
        "fields": {
            "action_flag": 1,
            "action_time": "2014-06-02 21:11:11",
            "object_repr": "Captain America: The First Avenger",
            "object_id": "15",
            "change_message": "",
            "user": 1,
            "content_type": 10
        }
    },
    {
        "pk": 81,
        "model": "admin.logentry",
        "fields": {
            "action_flag": 1,
            "action_time": "2014-06-02 08:50:49",
            "object_repr": "True Detective - S1 - E8 - Form and Void",
            "object_id": "40",
            "change_message": "",
            "user": 1,
            "content_type": 14
        }
    },
    {
        "pk": 80,
        "model": "admin.logentry",
        "fields": {
            "action_flag": 1,
            "action_time": "2014-06-02 08:50:24",
            "object_repr": "True Detective - S1 - E7 - After You've Gone",
            "object_id": "39",
            "change_message": "",
            "user": 1,
            "content_type": 14
        }
    },
    {
        "pk": 79,
        "model": "admin.logentry",
        "fields": {
            "action_flag": 1,
            "action_time": "2014-06-02 08:50:01",
            "object_repr": "True Detective - S1 - E6 - Haunted Houses",
            "object_id": "38",
            "change_message": "",
            "user": 1,
            "content_type": 14
        }
    },
    {
        "pk": 78,
        "model": "admin.logentry",
        "fields": {
            "action_flag": 1,
            "action_time": "2014-06-02 08:49:35",
            "object_repr": "True Detective - S1 - E5 - The Secret Fate of All Life",
            "object_id": "37",
            "change_message": "",
            "user": 1,
            "content_type": 14
        }
    },
    {
        "pk": 77,
        "model": "admin.logentry",
        "fields": {
            "action_flag": 1,
            "action_time": "2014-06-02 08:44:06",
            "object_repr": "Hannibal - S1 - E13 - Savoureux",
            "object_id": "36",
            "change_message": "",
            "user": 1,
            "content_type": 14
        }
    },
    {
        "pk": 76,
        "model": "admin.logentry",
        "fields": {
            "action_flag": 1,
            "action_time": "2014-06-02 08:43:40",
            "object_repr": "Hannibal - S1 - E12 - Relev\u00e9s",
            "object_id": "35",
            "change_message": "",
            "user": 1,
            "content_type": 14
        }
    },
    {
        "pk": 75,
        "model": "admin.logentry",
        "fields": {
            "action_flag": 1,
            "action_time": "2014-06-02 08:43:13",
            "object_repr": "Hannibal - S1 - E11 - R\u00f4ti",
            "object_id": "34",
            "change_message": "",
            "user": 1,
            "content_type": 14
        }
    },
    {
        "pk": 74,
        "model": "admin.logentry",
        "fields": {
            "action_flag": 1,
            "action_time": "2014-06-02 08:42:44",
            "object_repr": "Hannibal - S1 - E10 - Buffet Froid",
            "object_id": "33",
            "change_message": "",
            "user": 1,
            "content_type": 14
        }
    },
    {
        "pk": 73,
        "model": "admin.logentry",
        "fields": {
            "action_flag": 1,
            "action_time": "2014-06-02 08:42:18",
            "object_repr": "Hannibal - S1 - E9 - Trou Normand",
            "object_id": "32",
            "change_message": "",
            "user": 1,
            "content_type": 14
        }
    },
    {
        "pk": 72,
        "model": "admin.logentry",
        "fields": {
            "action_flag": 1,
            "action_time": "2014-06-02 08:41:48",
            "object_repr": "Hannibal - S1 - E8 - Fromage",
            "object_id": "31",
            "change_message": "",
            "user": 1,
            "content_type": 14
        }
    },
    {
        "pk": 71,
        "model": "admin.logentry",
        "fields": {
            "action_flag": 1,
            "action_time": "2014-06-02 08:41:23",
            "object_repr": "Hannibal - S1 - E7 - Sorbet",
            "object_id": "30",
            "change_message": "",
            "user": 1,
            "content_type": 14
        }
    },
    {
        "pk": 70,
        "model": "admin.logentry",
        "fields": {
            "action_flag": 1,
            "action_time": "2014-06-02 06:26:01",
            "object_repr": "Game of Thrones - S4 - E8 - The Mountain and the Viper",
            "object_id": "29",
            "change_message": "",
            "user": 1,
            "content_type": 14
        }
    },
    {
        "pk": 69,
        "model": "admin.logentry",
        "fields": {
            "action_flag": 1,
            "action_time": "2014-06-01 19:09:29",
            "object_repr": "True Detective - S1 - E4 - Who Goes There",
            "object_id": "28",
            "change_message": "",
            "user": 1,
            "content_type": 14
        }
    },
    {
        "pk": 68,
        "model": "admin.logentry",
        "fields": {
            "action_flag": 1,
            "action_time": "2014-06-01 19:09:03",
            "object_repr": "True Detective - S1 - E3 - The Locked Room",
            "object_id": "27",
            "change_message": "",
            "user": 1,
            "content_type": 14
        }
    },
    {
        "pk": 67,
        "model": "admin.logentry",
        "fields": {
            "action_flag": 1,
            "action_time": "2014-06-01 19:08:40",
            "object_repr": "True Detective - S1 - E2 - Seeing Things",
            "object_id": "26",
            "change_message": "",
            "user": 1,
            "content_type": 14
        }
    },
    {
        "pk": 66,
        "model": "admin.logentry",
        "fields": {
            "action_flag": 1,
            "action_time": "2014-06-01 19:08:14",
            "object_repr": "True Detective - S1 - E1 - The Long Bright Dark",
            "object_id": "25",
            "change_message": "",
            "user": 1,
            "content_type": 14
        }
    },
    {
        "pk": 65,
        "model": "admin.logentry",
        "fields": {
            "action_flag": 1,
            "action_time": "2014-06-01 19:07:28",
            "object_repr": "True Detective - S1",
            "object_id": "4",
            "change_message": "",
            "user": 1,
            "content_type": 13
        }
    },
    {
        "pk": 64,
        "model": "admin.logentry",
        "fields": {
            "action_flag": 1,
            "action_time": "2014-06-01 19:07:17",
            "object_repr": "True Detective",
            "object_id": "4",
            "change_message": "",
            "user": 1,
            "content_type": 12
        }
    },
    {
        "pk": 63,
        "model": "admin.logentry",
        "fields": {
            "action_flag": 1,
            "action_time": "2014-06-01 18:58:31",
            "object_repr": "Hannibal - S1 - E6 - Entr\u00e9e",
            "object_id": "24",
            "change_message": "",
            "user": 1,
            "content_type": 14
        }
    },
    {
        "pk": 62,
        "model": "admin.logentry",
        "fields": {
            "action_flag": 1,
            "action_time": "2014-06-01 18:58:00",
            "object_repr": "Hannibal - S1 - E5 - Coquilles",
            "object_id": "23",
            "change_message": "",
            "user": 1,
            "content_type": 14
        }
    },
    {
        "pk": 61,
        "model": "admin.logentry",
        "fields": {
            "action_flag": 1,
            "action_time": "2014-06-01 18:57:30",
            "object_repr": "Hannibal - S1 - E4 - \u0152uf",
            "object_id": "22",
            "change_message": "",
            "user": 1,
            "content_type": 14
        }
    },
    {
        "pk": 60,
        "model": "admin.logentry",
        "fields": {
            "action_flag": 1,
            "action_time": "2014-06-01 18:56:55",
            "object_repr": "Hannibal - S1 - E3 - Potage",
            "object_id": "21",
            "change_message": "",
            "user": 1,
            "content_type": 14
        }
    },
    {
        "pk": 59,
        "model": "admin.logentry",
        "fields": {
            "action_flag": 1,
            "action_time": "2014-06-01 18:56:27",
            "object_repr": "Hannibal - S1 - E2 - Amuse-Bouche",
            "object_id": "20",
            "change_message": "",
            "user": 1,
            "content_type": 14
        }
    },
    {
        "pk": 58,
        "model": "admin.logentry",
        "fields": {
            "action_flag": 1,
            "action_time": "2014-06-01 18:55:59",
            "object_repr": "Hannibal - S1 - E1 - Ap\u00e9ritif",
            "object_id": "19",
            "change_message": "",
            "user": 1,
            "content_type": 14
        }
    },
    {
        "pk": 57,
        "model": "admin.logentry",
        "fields": {
            "action_flag": 1,
            "action_time": "2014-06-01 18:55:16",
            "object_repr": "Hannibal - S1",
            "object_id": "3",
            "change_message": "",
            "user": 1,
            "content_type": 13
        }
    },
    {
        "pk": 56,
        "model": "admin.logentry",
        "fields": {
            "action_flag": 1,
            "action_time": "2014-06-01 18:55:05",
            "object_repr": "Hannibal",
            "object_id": "3",
            "change_message": "",
            "user": 1,
            "content_type": 12
        }
    },
    {
        "pk": 55,
        "model": "admin.logentry",
        "fields": {
            "action_flag": 2,
            "action_time": "2014-06-01 18:36:11",
            "object_repr": "Terminator Salvation",
            "object_id": "14",
            "change_message": "Changed poster.",
            "user": 1,
            "content_type": 10
        }
    },
    {
        "pk": 54,
        "model": "admin.logentry",
        "fields": {
            "action_flag": 2,
            "action_time": "2014-06-01 18:35:54",
            "object_repr": "Terminator 3: Rise of the Machines",
            "object_id": "13",
            "change_message": "Changed poster.",
            "user": 1,
            "content_type": 10
        }
    },
    {
        "pk": 53,
        "model": "admin.logentry",
        "fields": {
            "action_flag": 1,
            "action_time": "2014-06-01 18:35:15",
            "object_repr": "Terminator Salvation",
            "object_id": "14",
            "change_message": "",
            "user": 1,
            "content_type": 10
        }
    },
    {
        "pk": 52,
        "model": "admin.logentry",
        "fields": {
            "action_flag": 1,
            "action_time": "2014-06-01 18:34:33",
            "object_repr": "Terminator 3: Rise of the Machines",
            "object_id": "13",
            "change_message": "",
            "user": 1,
            "content_type": 10
        }
    },
    {
        "pk": 51,
        "model": "admin.logentry",
        "fields": {
            "action_flag": 2,
            "action_time": "2014-06-01 18:32:41",
            "object_repr": "Jack Ryan: Shadow Recruit",
            "object_id": "11",
            "change_message": "Changed poster.",
            "user": 1,
            "content_type": 10
        }
    },
    {
        "pk": 50,
        "model": "admin.logentry",
        "fields": {
            "action_flag": 1,
            "action_time": "2014-06-01 18:32:13",
            "object_repr": "RoboCop",
            "object_id": "12",
            "change_message": "",
            "user": 1,
            "content_type": 10
        }
    },
    {
        "pk": 49,
        "model": "admin.logentry",
        "fields": {
            "action_flag": 1,
            "action_time": "2014-06-01 18:31:27",
            "object_repr": "Jack Ryan: Shadow Recruit",
            "object_id": "11",
            "change_message": "",
            "user": 1,
            "content_type": 10
        }
    },
    {
        "pk": 48,
        "model": "admin.logentry",
        "fields": {
            "action_flag": 1,
            "action_time": "2014-06-01 18:30:33",
            "object_repr": "Frozen",
            "object_id": "10",
            "change_message": "",
            "user": 1,
            "content_type": 10
        }
    },
    {
        "pk": 47,
        "model": "admin.logentry",
        "fields": {
            "action_flag": 1,
            "action_time": "2014-06-01 18:06:23",
            "object_repr": "Game of Thrones - S4 - E2 - The Lion and the Rose",
            "object_id": "18",
            "change_message": "",
            "user": 1,
            "content_type": 14
        }
    },
    {
        "pk": 46,
        "model": "admin.logentry",
        "fields": {
            "action_flag": 3,
            "action_time": "2014-06-01 09:28:14",
            "object_repr": "Game of Thrones - S4 - E2 - The Lion and the Rose",
            "object_id": "12",
            "change_message": "",
            "user": 1,
            "content_type": 14
        }
    },
    {
        "pk": 45,
        "model": "admin.logentry",
        "fields": {
            "action_flag": 1,
            "action_time": "2014-06-01 09:25:40",
            "object_repr": "Game of Thrones - S4 - E7 - Mockingbird",
            "object_id": "17",
            "change_message": "",
            "user": 1,
            "content_type": 14
        }
    },
    {
        "pk": 44,
        "model": "admin.logentry",
        "fields": {
            "action_flag": 1,
            "action_time": "2014-06-01 09:25:04",
            "object_repr": "Game of Thrones - S4 - E6 - The Laws of Gods and Men",
            "object_id": "16",
            "change_message": "",
            "user": 1,
            "content_type": 14
        }
    },
    {
        "pk": 43,
        "model": "admin.logentry",
        "fields": {
            "action_flag": 1,
            "action_time": "2014-06-01 09:24:29",
            "object_repr": "Game of Thrones - S4 - E5 - First of His Name",
            "object_id": "15",
            "change_message": "",
            "user": 1,
            "content_type": 14
        }
    },
    {
        "pk": 42,
        "model": "admin.logentry",
        "fields": {
            "action_flag": 1,
            "action_time": "2014-06-01 09:23:53",
            "object_repr": "Game of Thrones - S4 - E4 - Oathkeeper",
            "object_id": "14",
            "change_message": "",
            "user": 1,
            "content_type": 14
        }
    },
    {
        "pk": 41,
        "model": "admin.logentry",
        "fields": {
            "action_flag": 2,
            "action_time": "2014-06-01 09:23:19",
            "object_repr": "Game of Thrones - S4 - E3 - Breaker of Chains",
            "object_id": "13",
            "change_message": "Changed description.",
            "user": 1,
            "content_type": 14
        }
    },
    {
        "pk": 40,
        "model": "admin.logentry",
        "fields": {
            "action_flag": 2,
            "action_time": "2014-06-01 09:23:14",
            "object_repr": "Game of Thrones - S4 - E2 - The Lion and the Rose",
            "object_id": "12",
            "change_message": "No fields changed.",
            "user": 1,
            "content_type": 14
        }
    },
    {
        "pk": 39,
        "model": "admin.logentry",
        "fields": {
            "action_flag": 2,
            "action_time": "2014-06-01 09:23:08",
            "object_repr": "Game of Thrones - S4 - E1 - Two Swords",
            "object_id": "11",
            "change_message": "Changed description.",
            "user": 1,
            "content_type": 14
        }
    },
    {
        "pk": 38,
        "model": "admin.logentry",
        "fields": {
            "action_flag": 1,
            "action_time": "2014-06-01 09:22:59",
            "object_repr": "Game of Thrones - S4 - E3 - Breaker of Chains",
            "object_id": "13",
            "change_message": "",
            "user": 1,
            "content_type": 14
        }
    },
    {
        "pk": 37,
        "model": "admin.logentry",
        "fields": {
            "action_flag": 1,
            "action_time": "2014-06-01 09:21:48",
            "object_repr": "Game of Thrones - S4 - E2 - The Lion and the Rose",
            "object_id": "12",
            "change_message": "",
            "user": 1,
            "content_type": 14
        }
    },
    {
        "pk": 36,
        "model": "admin.logentry",
        "fields": {
            "action_flag": 1,
            "action_time": "2014-06-01 08:29:27",
            "object_repr": "Game of Thrones - S4 - E1 - Two Swords",
            "object_id": "11",
            "change_message": "",
            "user": 1,
            "content_type": 14
        }
    },
    {
        "pk": 35,
        "model": "admin.logentry",
        "fields": {
            "action_flag": 1,
            "action_time": "2014-06-01 08:28:26",
            "object_repr": "Game of Thrones - S4",
            "object_id": "2",
            "change_message": "",
            "user": 1,
            "content_type": 13
        }
    },
    {
        "pk": 34,
        "model": "admin.logentry",
        "fields": {
            "action_flag": 1,
            "action_time": "2014-06-01 08:28:11",
            "object_repr": "Game of Thrones",
            "object_id": "2",
            "change_message": "",
            "user": 1,
            "content_type": 12
        }
    },
    {
        "pk": 33,
        "model": "admin.logentry",
        "fields": {
            "action_flag": 2,
            "action_time": "2014-05-31 20:43:30",
            "object_repr": "The Hobbit: The Desolation of Smaug",
            "object_id": "9",
            "change_message": "Changed title.",
            "user": 1,
            "content_type": 10
        }
    },
    {
        "pk": 32,
        "model": "admin.logentry",
        "fields": {
            "action_flag": 1,
            "action_time": "2014-05-31 20:43:19",
            "object_repr": "https://docs.google.com/file/d/0B00PwPPM4oCITEFQd1BQSFVPX0k/edit",
            "object_id": "9",
            "change_message": "",
            "user": 1,
            "content_type": 10
        }
    },
    {
        "pk": 31,
        "model": "admin.logentry",
        "fields": {
            "action_flag": 2,
            "action_time": "2014-05-31 20:42:43",
            "object_repr": "Silver Linings Playbook",
            "object_id": "8",
            "change_message": "No fields changed.",
            "user": 1,
            "content_type": 10
        }
    },
    {
        "pk": 30,
        "model": "admin.logentry",
        "fields": {
            "action_flag": 1,
            "action_time": "2014-05-31 20:42:03",
            "object_repr": "Silver Linings Playbook",
            "object_id": "8",
            "change_message": "",
            "user": 1,
            "content_type": 10
        }
    },
    {
        "pk": 29,
        "model": "admin.logentry",
        "fields": {
            "action_flag": 1,
            "action_time": "2014-05-31 20:41:03",
            "object_repr": "Non-Stop",
            "object_id": "7",
            "change_message": "",
            "user": 1,
            "content_type": 10
        }
    },
    {
        "pk": 28,
        "model": "admin.logentry",
        "fields": {
            "action_flag": 1,
            "action_time": "2014-05-31 20:39:44",
            "object_repr": "Knowing",
            "object_id": "6",
            "change_message": "",
            "user": 1,
            "content_type": 10
        }
    },
    {
        "pk": 27,
        "model": "admin.logentry",
        "fields": {
            "action_flag": 2,
            "action_time": "2014-05-31 11:32:03",
            "object_repr": "Elysium",
            "object_id": "2",
            "change_message": "Changed description and year.",
            "user": 1,
            "content_type": 10
        }
    },
    {
        "pk": 26,
        "model": "admin.logentry",
        "fields": {
            "action_flag": 2,
            "action_time": "2014-05-31 11:31:24",
            "object_repr": "Gravity",
            "object_id": "1",
            "change_message": "Changed description and year.",
            "user": 1,
            "content_type": 10
        }
    },
    {
        "pk": 25,
        "model": "admin.logentry",
        "fields": {
            "action_flag": 2,
            "action_time": "2014-05-31 11:30:14",
            "object_repr": "It's Always Sunny in Philadelphia",
            "object_id": "1",
            "change_message": "Changed poster.",
            "user": 1,
            "content_type": 12
        }
    },
    {
        "pk": 24,
        "model": "admin.logentry",
        "fields": {
            "action_flag": 2,
            "action_time": "2014-05-31 11:29:51",
            "object_repr": "Elysium",
            "object_id": "2",
            "change_message": "Changed poster.",
            "user": 1,
            "content_type": 10
        }
    },
    {
        "pk": 23,
        "model": "admin.logentry",
        "fields": {
            "action_flag": 2,
            "action_time": "2014-05-31 11:29:39",
            "object_repr": "Gravity",
            "object_id": "1",
            "change_message": "Changed poster.",
            "user": 1,
            "content_type": 10
        }
    },
    {
        "pk": 20,
        "model": "admin.logentry",
        "fields": {
            "action_flag": 3,
            "action_time": "2014-05-31 06:49:08",
            "object_repr": "sunny93",
            "object_id": "5",
            "change_message": "",
            "user": 1,
            "content_type": 10
        }
    },
    {
        "pk": 21,
        "model": "admin.logentry",
        "fields": {
            "action_flag": 3,
            "action_time": "2014-05-31 06:49:08",
            "object_repr": "sunny92",
            "object_id": "4",
            "change_message": "",
            "user": 1,
            "content_type": 10
        }
    },
    {
        "pk": 22,
        "model": "admin.logentry",
        "fields": {
            "action_flag": 3,
            "action_time": "2014-05-31 06:49:08",
            "object_repr": "sunny91",
            "object_id": "3",
            "change_message": "",
            "user": 1,
            "content_type": 10
        }
    },
    {
        "pk": 19,
        "model": "admin.logentry",
        "fields": {
            "action_flag": 1,
            "action_time": "2014-05-31 06:41:08",
            "object_repr": "It's Always Sunny in Philadelphia - S9 - E10 - The Gang Squashes Their Beefs",
            "object_id": "10",
            "change_message": "",
            "user": 1,
            "content_type": 14
        }
    },
    {
        "pk": 18,
        "model": "admin.logentry",
        "fields": {
            "action_flag": 1,
            "action_time": "2014-05-31 06:40:39",
            "object_repr": "It's Always Sunny in Philadelphia - S9 - E9 - The Gang Makes Lethal Weapon 6",
            "object_id": "9",
            "change_message": "",
            "user": 1,
            "content_type": 14
        }
    },
    {
        "pk": 17,
        "model": "admin.logentry",
        "fields": {
            "action_flag": 1,
            "action_time": "2014-05-31 06:40:03",
            "object_repr": "It's Always Sunny in Philadelphia - S9 - E8 - Flowers for Charlie",
            "object_id": "8",
            "change_message": "",
            "user": 1,
            "content_type": 14
        }
    },
    {
        "pk": 16,
        "model": "admin.logentry",
        "fields": {
            "action_flag": 1,
            "action_time": "2014-05-31 06:39:20",
            "object_repr": "It's Always Sunny in Philadelphia - S9 - E7 - The Gang Gets Quarantined",
            "object_id": "7",
            "change_message": "",
            "user": 1,
            "content_type": 14
        }
    },
    {
        "pk": 15,
        "model": "admin.logentry",
        "fields": {
            "action_flag": 1,
            "action_time": "2014-05-31 06:38:49",
            "object_repr": "It's Always Sunny in Philadelphia - S9 - E6 - The Gang Saves the Day",
            "object_id": "6",
            "change_message": "",
            "user": 1,
            "content_type": 14
        }
    },
    {
        "pk": 14,
        "model": "admin.logentry",
        "fields": {
            "action_flag": 1,
            "action_time": "2014-05-31 06:37:52",
            "object_repr": "It's Always Sunny in Philadelphia - S9 - E5 - Mac Day",
            "object_id": "5",
            "change_message": "",
            "user": 1,
            "content_type": 14
        }
    },
    {
        "pk": 13,
        "model": "admin.logentry",
        "fields": {
            "action_flag": 1,
            "action_time": "2014-05-31 06:37:23",
            "object_repr": "It's Always Sunny in Philadelphia - S9 - E4 - Mac and Dennis Buy a Timeshare",
            "object_id": "4",
            "change_message": "",
            "user": 1,
            "content_type": 14
        }
    },
    {
        "pk": 12,
        "model": "admin.logentry",
        "fields": {
            "action_flag": 1,
            "action_time": "2014-05-31 06:33:20",
            "object_repr": "It's Always Sunny in Philadelphia - S9 - E3 - The Gang Tries Desperately to Win an Award",
            "object_id": "3",
            "change_message": "",
            "user": 1,
            "content_type": 14
        }
    },
    {
        "pk": 11,
        "model": "admin.logentry",
        "fields": {
            "action_flag": 1,
            "action_time": "2014-05-31 06:32:38",
            "object_repr": "It's Always Sunny in Philadelphia - S9 - E2 - Gun Fever Too: Still Hot",
            "object_id": "2",
            "change_message": "",
            "user": 1,
            "content_type": 14
        }
    },
    {
        "pk": 10,
        "model": "admin.logentry",
        "fields": {
            "action_flag": 1,
            "action_time": "2014-05-31 06:32:02",
            "object_repr": "It's Always Sunny in Philadelphia - S9 - E1 - The Gang Broke Dee",
            "object_id": "1",
            "change_message": "",
            "user": 1,
            "content_type": 14
        }
    },
    {
        "pk": 9,
        "model": "admin.logentry",
        "fields": {
            "action_flag": 1,
            "action_time": "2014-05-31 06:30:57",
            "object_repr": "It's Always Sunny in Philadelphia - S9",
            "object_id": "1",
            "change_message": "",
            "user": 1,
            "content_type": 13
        }
    },
    {
        "pk": 8,
        "model": "admin.logentry",
        "fields": {
            "action_flag": 1,
            "action_time": "2014-05-31 06:30:34",
            "object_repr": "It's Always Sunny in Philadelphia",
            "object_id": "1",
            "change_message": "",
            "user": 1,
            "content_type": 12
        }
    },
    {
        "pk": 7,
        "model": "admin.logentry",
        "fields": {
            "action_flag": 1,
            "action_time": "2014-05-31 04:26:03",
            "object_repr": "Movie object",
            "object_id": "5",
            "change_message": "",
            "user": 1,
            "content_type": 10
        }
    },
    {
        "pk": 6,
        "model": "admin.logentry",
        "fields": {
            "action_flag": 1,
            "action_time": "2014-05-31 04:20:28",
            "object_repr": "Movie object",
            "object_id": "4",
            "change_message": "",
            "user": 1,
            "content_type": 10
        }
    },
    {
        "pk": 5,
        "model": "admin.logentry",
        "fields": {
            "action_flag": 2,
            "action_time": "2014-05-31 04:19:01",
            "object_repr": "Movie object",
            "object_id": "3",
            "change_message": "Changed title.",
            "user": 1,
            "content_type": 10
        }
    },
    {
        "pk": 4,
        "model": "admin.logentry",
        "fields": {
            "action_flag": 1,
            "action_time": "2014-05-31 04:18:10",
            "object_repr": "Movie object",
            "object_id": "3",
            "change_message": "",
            "user": 1,
            "content_type": 10
        }
    },
    {
        "pk": 3,
        "model": "admin.logentry",
        "fields": {
            "action_flag": 1,
            "action_time": "2014-05-29 20:24:28",
            "object_repr": "Movie object",
            "object_id": "2",
            "change_message": "",
            "user": 1,
            "content_type": 10
        }
    },
    {
        "pk": 2,
        "model": "admin.logentry",
        "fields": {
            "action_flag": 2,
            "action_time": "2014-05-29 20:24:19",
            "object_repr": "Movie object",
            "object_id": "1",
            "change_message": "No fields changed.",
            "user": 1,
            "content_type": 10
        }
    },
    {
        "pk": 1,
        "model": "admin.logentry",
        "fields": {
            "action_flag": 1,
            "action_time": "2014-05-29 11:34:57",
            "object_repr": "Movie object",
            "object_id": "1",
            "change_message": "",
            "user": 1,
            "content_type": 10
        }
    },
    {
        "pk": 1,
        "model": "zmovies.movie",
        "fields": {
            "description": "A medical engineer and an astronaut work together to survive after a catastrophe destroys their shuttle and leaves them adrift in orbit.",
            "title": "Gravity",
            "poster": "poster/gravity_1.jpg",
            "writer": "",
            "modified": "2014-06-03 00:00:00",
            "rottentomatorating": "",
            "director": "",
            "created": "2014-06-03 00:00:00",
            "location": "https://docs.google.com/file/d/0B1Dfa5I-Le76NC1oVHY2RmdkUkk/preview",
            "stars": "",
            "year": "2013",
            "genre": "",
            "imdburl": "",
            "imdbrating": ""
        }
    },
    {
        "pk": 2,
        "model": "zmovies.movie",
        "fields": {
            "description": "In the year 2154, the very wealthy live on a man-made space station while the rest of the population resides on a ruined Earth. A man takes on a mission that could bring equality to the polarized worlds.",
            "title": "Elysium",
            "poster": "poster/MV5BNDc2NjU0MTcwNV5BMl5BanBnXkFtZTcwMjg4MDg2OQ._V1_SX214_AL_.jpg",
            "writer": "",
            "modified": "2014-06-03 00:00:00",
            "rottentomatorating": "",
            "director": "",
            "created": "2014-06-03 00:00:00",
            "location": "https://docs.google.com/file/d/0B1Dfa5I-Le76X19DQm1EcDBrY00/preview",
            "stars": "",
            "year": "2013",
            "genre": "",
            "imdburl": "",
            "imdbrating": ""
        }
    },
    {
        "pk": 6,
        "model": "zmovies.movie",
        "fields": {
            "description": "M.I.T. professor John Koestler links a mysterious list of numbers from a time capsule to past and future disasters and sets out to prevent the ultimate catastrophe.",
            "title": "Knowing",
            "poster": "poster/MV5BMTMyMjgyMDIyM15BMl5BanBnXkFtZTcwNjg3MjAyMg._V1_SY317_CR00214317_AL_.jpg",
            "writer": "",
            "modified": "2014-06-03 00:00:00",
            "rottentomatorating": "",
            "director": "",
            "created": "2014-06-03 00:00:00",
            "location": "https://docs.google.com/file/d/0B00PwPPM4oCIWXhtZFVISVpyV2M/preview",
            "stars": "",
            "year": "2009",
            "genre": "",
            "imdburl": "",
            "imdbrating": ""
        }
    },
    {
        "pk": 7,
        "model": "zmovies.movie",
        "fields": {
            "description": "An air marshal springs into action during a transatlantic flight after receiving a series of text messages that put his fellow passengers at risk unless the airline transfers $150 million into an off-shore account.",
            "title": "Non-Stop",
            "poster": "poster/MV5BOTI3NzcxMjkzMl5BMl5BanBnXkFtZTgwMDY0NTQ0MDE._V1_SX214_AL_.jpg",
            "writer": "",
            "modified": "2014-06-03 00:00:00",
            "rottentomatorating": "",
            "director": "",
            "created": "2014-06-03 00:00:00",
            "location": "https://docs.google.com/file/d/0B00PwPPM4oCIbmUyazVpZkRMU00/preview",
            "stars": "",
            "year": "2014",
            "genre": "",
            "imdburl": "",
            "imdbrating": ""
        }
    },
    {
        "pk": 8,
        "model": "zmovies.movie",
        "fields": {
            "description": "After a stint in a mental institution, former teacher Pat Solitano moves back in with his parents and tries to reconcile with his ex-wife. Things get more challenging when Pat meets Tiffany, a mysterious girl with problems of her own.",
            "title": "Silver Linings Playbook",
            "poster": "poster/MV5BMTM2MTI5NzA3MF5BMl5BanBnXkFtZTcwODExNTc0OA._V1_SX214_AL_.jpg",
            "writer": "",
            "modified": "2014-06-03 00:00:00",
            "rottentomatorating": "",
            "director": "",
            "created": "2014-06-03 00:00:00",
            "location": "https://docs.google.com/file/d/0B00PwPPM4oCIdGpmRG5aTFg4LWs/preview",
            "stars": "",
            "year": "2012",
            "genre": "",
            "imdburl": "",
            "imdbrating": ""
        }
    },
    {
        "pk": 9,
        "model": "zmovies.movie",
        "fields": {
            "description": "The dwarves, along with Bilbo Baggins and Gandalf the Grey, continue their quest to reclaim Erebor, their homeland, from Smaug. Bilbo Baggins is in possession of a mysterious and magical ring.",
            "title": "The Hobbit: The Desolation of Smaug",
            "poster": "poster/MV5BMzU0NDY0NDEzNV5BMl5BanBnXkFtZTgwOTIxNDU1MDE._V1_SY317_CR00214317_AL_.jpg",
            "writer": "",
            "modified": "2014-06-03 00:00:00",
            "rottentomatorating": "",
            "director": "",
            "created": "2014-06-03 00:00:00",
            "location": "https://docs.google.com/file/d/0B00PwPPM4oCITEFQd1BQSFVPX0k/preview",
            "stars": "",
            "year": "2013",
            "genre": "",
            "imdburl": "",
            "imdbrating": ""
        }
    },
    {
        "pk": 10,
        "model": "zmovies.movie",
        "fields": {
            "description": "Fearless optimist Anna teams up with Kristoff in an epic journey, encountering Everest-like conditions, and a hilarious snowman named Olaf in a race to find Anna's sister Elsa, whose icy powers have trapped the kingdom in eternal winter.",
            "title": "Frozen",
            "poster": "poster/MV5BMTQ1MjQwMTE5OF5BMl5BanBnXkFtZTgwNjk3MTcyMDE._V1_SX214_AL_.jpg",
            "writer": "",
            "modified": "2014-06-03 00:00:00",
            "rottentomatorating": "",
            "director": "",
            "created": "2014-06-03 00:00:00",
            "location": "https://docs.google.com/file/d/0B_v6GKOK5J5WTFg5UlJleGk3VnM/preview",
            "stars": "",
            "year": "2013",
            "genre": "",
            "imdburl": "",
            "imdbrating": ""
        }
    },
    {
        "pk": 11,
        "model": "zmovies.movie",
        "fields": {
            "description": "Jack Ryan, as a young covert CIA analyst, uncovers a Russian plot to crash the U.S. economy with a terrorist attack.",
            "title": "Jack Ryan: Shadow Recruit",
            "poster": "poster/MV5BMTY2MDkxNzYwNl5BMl5BanBnXkFtZTgwOTM2MjE5MDE._V1_SX214_AL_.jpg",
            "writer": "",
            "modified": "2014-06-03 00:00:00",
            "rottentomatorating": "",
            "director": "",
            "created": "2014-06-03 00:00:00",
            "location": "https://docs.google.com/file/d/0B_v6GKOK5J5WSE1lUmRUUXZVOXc/preview",
            "stars": "",
            "year": "2014",
            "genre": "",
            "imdburl": "",
            "imdbrating": ""
        }
    },
    {
        "pk": 12,
        "model": "zmovies.movie",
        "fields": {
            "description": "In 2028 Detroit, when Alex Murphy - a loving husband, father and good cop - is critically injured in the line of duty, the multinational conglomerate OmniCorp sees their chance for a part-man, part-robot police officer.",
            "title": "RoboCop",
            "poster": "poster/MV5BMjAyOTUzMTcxN15BMl5BanBnXkFtZTgwMjkyOTc1MDE._V1_SX214_AL_.jpg",
            "writer": "",
            "modified": "2014-06-03 00:00:00",
            "rottentomatorating": "",
            "director": "",
            "created": "2014-06-03 00:00:00",
            "location": "https://docs.google.com/file/d/0B_v6GKOK5J5WVzdMaG9CLTF3b2M/preview",
            "stars": "",
            "year": "2014",
            "genre": "",
            "imdburl": "",
            "imdbrating": ""
        }
    },
    {
        "pk": 13,
        "model": "zmovies.movie",
        "fields": {
            "description": "A robotic warrior from a post-apocalyptic future travels back in time to protect a 20-year old drifter and his future wife from an most advanced robotic assassin and to ensure they both survive a nuclear attack.",
            "title": "Terminator 3: Rise of the Machines",
            "poster": "poster/MV5BMTk5NzM1ODgyN15BMl5BanBnXkFtZTcwMzA5MjAzMw._V1_SY317_CR00214317_AL_.jpg",
            "writer": "",
            "modified": "2014-06-03 00:00:00",
            "rottentomatorating": "",
            "director": "",
            "created": "2014-06-03 00:00:00",
            "location": "https://docs.google.com/file/d/0B_v6GKOK5J5WOUY1TThBR2RiWGc/preview",
            "stars": "",
            "year": "2003",
            "genre": "",
            "imdburl": "",
            "imdbrating": ""
        }
    },
    {
        "pk": 14,
        "model": "zmovies.movie",
        "fields": {
            "description": "After Skynet has destroyed much of humanity in a nuclear holocaust, a group of survivors led by John Connor struggles to keep the machines from finishing the job.",
            "title": "Terminator Salvation",
            "poster": "poster/MV5BODE1MTM1MzA2NF5BMl5BanBnXkFtZTcwODQ5MTA2Mg._V1_SY317_CR100214317_AL_.jpg",
            "writer": "",
            "modified": "2014-06-03 00:00:00",
            "rottentomatorating": "",
            "director": "",
            "created": "2014-06-03 00:00:00",
            "location": "https://docs.google.com/file/d/0B_v6GKOK5J5WcXlXczNRVUNWVW8/preview",
            "stars": "",
            "year": "2009",
            "genre": "",
            "imdburl": "",
            "imdbrating": ""
        }
    },
    {
        "pk": 15,
        "model": "zmovies.movie",
        "fields": {
            "description": "After being deemed unfit for military service, Steve Rogers volunteers for a top secret research project that turns him into Captain America, a superhero dedicated to defending USA ideals.",
            "title": "Captain America: The First Avenger",
            "poster": "poster/MV5BMTYzOTc2NzU3N15BMl5BanBnXkFtZTcwNjY3MDE3NQ._V1_SX214_AL_.jpg",
            "writer": "",
            "modified": "2014-06-03 00:00:00",
            "rottentomatorating": "",
            "director": "",
            "created": "2014-06-03 00:00:00",
            "location": "https://docs.google.com/file/d/0B8cnukvO1g2GTFFPRjd3RS1mTlk/preview",
            "stars": "",
            "year": "2011",
            "genre": "",
            "imdburl": "",
            "imdbrating": ""
        }
    },
    {
        "pk": 16,
        "model": "zmovies.movie",
        "fields": {
            "description": "Nick Fury of S.H.I.E.L.D. assembles a team of superheroes to save the planet from Loki and his army.",
            "title": "The Avengers",
            "poster": "poster/MV5BMTk2NTI1MTU4N15BMl5BanBnXkFtZTcwODg0OTY0Nw._V1_SY317_CR00214317_AL_.jpg",
            "writer": "",
            "modified": "2014-06-03 00:00:00",
            "rottentomatorating": "",
            "director": "",
            "created": "2014-06-03 00:00:00",
            "location": "https://docs.google.com/file/d/0B8cnukvO1g2GSDJOQnNIMVpkU00/preview",
            "stars": "",
            "year": "2012",
            "genre": "",
            "imdburl": "",
            "imdbrating": ""
        }
    },
    {
        "pk": 1,
        "model": "tvseries.tvshow",
        "fields": {
            "poster": "poster/MV5BMjI1NDg3MDU5Nl5BMl5BanBnXkFtZTcwMDg0ODg5OQ._V1_SX214_AL_.jpg",
            "name": "It's Always Sunny in Philadelphia",
            "description": "Four young friends with big egos and slightly arrogant attitudes are the proprietors of an Irish bar in Philadelphia."
        }
    },
    {
        "pk": 2,
        "model": "tvseries.tvshow",
        "fields": {
            "poster": "poster/MV5BMTk0NDg4NjQ5N15BMl5BanBnXkFtZTgwMzkzNTgyMTE._V1_SX214_AL_.jpg",
            "name": "Game of Thrones",
            "description": "Seven noble families fight for control of the mythical land of Westeros."
        }
    },
    {
        "pk": 3,
        "model": "tvseries.tvshow",
        "fields": {
            "poster": "poster/MV5BMTk3NDI1MDM5MV5BMl5BanBnXkFtZTcwNjkyODIxOQ._V1_SY317_CR190214317_AL_.jpg",
            "name": "Hannibal",
            "description": "Explores the early relationship between the renowned psychiatrist and his patient, a young FBI criminal profiler, who is haunted by his ability to empathize with serial killers."
        }
    },
    {
        "pk": 4,
        "model": "tvseries.tvshow",
        "fields": {
            "poster": "poster/MV5BMjA2NjI1Mzg2MV5BMl5BanBnXkFtZTgwMTI2MzE1MDE._V1_SX214_AL_.jpg",
            "name": "True Detective",
            "description": "The lives of two detectives, Rust Cohle and Martin Hart, become entangled during a 17-year hunt for a serial killer in Louisiana."
        }
    },
    {
        "pk": 1,
        "model": "tvseries.season",
        "fields": {
            "number": 9,
            "tvshow": 1
        }
    },
    {
        "pk": 2,
        "model": "tvseries.season",
        "fields": {
            "number": 4,
            "tvshow": 2
        }
    },
    {
        "pk": 3,
        "model": "tvseries.season",
        "fields": {
            "number": 1,
            "tvshow": 3
        }
    },
    {
        "pk": 4,
        "model": "tvseries.season",
        "fields": {
            "number": 1,
            "tvshow": 4
        }
    },
    {
        "pk": 1,
        "model": "tvseries.episode",
        "fields": {
            "season": 1,
            "description": "The Gang Broke Dee",
            "location": "https://docs.google.com/file/d/0B1Dfa5I-Le76TDVDWnJMY0xncDQ/preview",
            "number": 1,
            "title": "The Gang Broke Dee"
        }
    },
    {
        "pk": 2,
        "model": "tvseries.episode",
        "fields": {
            "season": 1,
            "description": "Gun Fever Too: Still Hot",
            "location": "https://docs.google.com/file/d/0B1Dfa5I-Le76ZzZRTFpMVzY3WDg/preview",
            "number": 2,
            "title": "Gun Fever Too: Still Hot"
        }
    },
    {
        "pk": 3,
        "model": "tvseries.episode",
        "fields": {
            "season": 1,
            "description": "The Gang Tries Desperately to Win an Award",
            "location": "https://docs.google.com/file/d/0B1Dfa5I-Le76eGJzVGhSX3VaVk0/preview",
            "number": 3,
            "title": "The Gang Tries Desperately to Win an Award"
        }
    },
    {
        "pk": 4,
        "model": "tvseries.episode",
        "fields": {
            "season": 1,
            "description": "Mac and Dennis Buy a Timeshare",
            "location": "https://docs.google.com/file/d/0B1Dfa5I-Le76MlhOdHRvbWpjRGc/preview",
            "number": 4,
            "title": "Mac and Dennis Buy a Timeshare"
        }
    },
    {
        "pk": 5,
        "model": "tvseries.episode",
        "fields": {
            "season": 1,
            "description": "Mac Day",
            "location": "https://docs.google.com/file/d/0B1Dfa5I-Le76SWxhVGVkTW56dEk/preview",
            "number": 5,
            "title": "Mac Day"
        }
    },
    {
        "pk": 6,
        "model": "tvseries.episode",
        "fields": {
            "season": 1,
            "description": "The Gang Saves the Day",
            "location": "https://docs.google.com/file/d/0B1Dfa5I-Le76X18zWld4VGFGS2M/preview",
            "number": 6,
            "title": "The Gang Saves the Day"
        }
    },
    {
        "pk": 7,
        "model": "tvseries.episode",
        "fields": {
            "season": 1,
            "description": "The Gang Gets Quarantined",
            "location": "https://docs.google.com/file/d/0B1Dfa5I-Le76RUR5MjBXbDVRWDg/preview",
            "number": 7,
            "title": "The Gang Gets Quarantined"
        }
    },
    {
        "pk": 8,
        "model": "tvseries.episode",
        "fields": {
            "season": 1,
            "description": "Flowers for Charlie",
            "location": "https://docs.google.com/file/d/0B1Dfa5I-Le76bERLZ3IwXzNwS0k/preview",
            "number": 8,
            "title": "Flowers for Charlie"
        }
    },
    {
        "pk": 9,
        "model": "tvseries.episode",
        "fields": {
            "season": 1,
            "description": "The Gang Makes Lethal Weapon 6",
            "location": "https://docs.google.com/file/d/0B1Dfa5I-Le76eTRfWEFBaFBKSVE/preview",
            "number": 9,
            "title": "The Gang Makes Lethal Weapon 6"
        }
    },
    {
        "pk": 10,
        "model": "tvseries.episode",
        "fields": {
            "season": 1,
            "description": "The Gang Squashes Their Beefs",
            "location": "https://docs.google.com/file/d/0B1Dfa5I-Le76YlFUeHo1RnhKYmM/preview",
            "number": 10,
            "title": "The Gang Squashes Their Beefs"
        }
    },
    {
        "pk": 11,
        "model": "tvseries.episode",
        "fields": {
            "season": 2,
            "description": "Two Swords",
            "location": "https://docs.google.com/file/d/0B00PwPPM4oCIR0RIVEdTakNjekk/preview",
            "number": 1,
            "title": "Two Swords"
        }
    },
    {
        "pk": 13,
        "model": "tvseries.episode",
        "fields": {
            "season": 2,
            "description": "Breaker of Chains",
            "location": "https://docs.google.com/file/d/0B00PwPPM4oCIazlGR3VKT0tUYTg/preview",
            "number": 3,
            "title": "Breaker of Chains"
        }
    },
    {
        "pk": 14,
        "model": "tvseries.episode",
        "fields": {
            "season": 2,
            "description": "Oathkeeper",
            "location": "https://docs.google.com/file/d/0B00PwPPM4oCIcFFiRGRhcHVYOXc/preview",
            "number": 4,
            "title": "Oathkeeper"
        }
    },
    {
        "pk": 15,
        "model": "tvseries.episode",
        "fields": {
            "season": 2,
            "description": "First of His Name",
            "location": "https://docs.google.com/file/d/0B00PwPPM4oCIcFZVZVljYnZjSFU/preview",
            "number": 5,
            "title": "First of His Name"
        }
    },
    {
        "pk": 16,
        "model": "tvseries.episode",
        "fields": {
            "season": 2,
            "description": "The Laws of Gods and Men",
            "location": "https://docs.google.com/file/d/0B00PwPPM4oCIZXhFc2MxRGJqcWc/preview",
            "number": 6,
            "title": "The Laws of Gods and Men"
        }
    },
    {
        "pk": 17,
        "model": "tvseries.episode",
        "fields": {
            "season": 2,
            "description": "Mockingbird",
            "location": "https://docs.google.com/file/d/0B00PwPPM4oCIRjc4TG0tZ3RWM1k/preview",
            "number": 7,
            "title": "Mockingbird"
        }
    },
    {
        "pk": 18,
        "model": "tvseries.episode",
        "fields": {
            "season": 2,
            "description": "The Lion and the Rose",
            "location": "https://docs.google.com/file/d/0B_v6GKOK5J5WQlJ2S0pxb2hjZHM/preview",
            "number": 2,
            "title": "The Lion and the Rose"
        }
    },
    {
        "pk": 19,
        "model": "tvseries.episode",
        "fields": {
            "season": 3,
            "description": "Ap\u00e9ritif",
            "location": "https://docs.google.com/file/d/0B_v6GKOK5J5WUHVBMjJwSlBGZDQ/preview",
            "number": 1,
            "title": "Ap\u00e9ritif"
        }
    },
    {
        "pk": 20,
        "model": "tvseries.episode",
        "fields": {
            "season": 3,
            "description": "Amuse-Bouche",
            "location": "https://docs.google.com/file/d/0B_v6GKOK5J5WU3cwZERUU2lieVE/preview",
            "number": 2,
            "title": "Amuse-Bouche"
        }
    },
    {
        "pk": 21,
        "model": "tvseries.episode",
        "fields": {
            "season": 3,
            "description": "Potage",
            "location": "https://docs.google.com/file/d/0B_v6GKOK5J5WQXhlMmtKVEwwNVU/preview",
            "number": 3,
            "title": "Potage"
        }
    },
    {
        "pk": 22,
        "model": "tvseries.episode",
        "fields": {
            "season": 3,
            "description": "\u0152uf",
            "location": "https://docs.google.com/file/d/0B_v6GKOK5J5WRWZwZDBqLTZ5X2c/preview",
            "number": 4,
            "title": "\u0152uf"
        }
    },
    {
        "pk": 23,
        "model": "tvseries.episode",
        "fields": {
            "season": 3,
            "description": "Coquilles",
            "location": "https://docs.google.com/file/d/0B_v6GKOK5J5WcTU3V2dvWW9XTlE/preview",
            "number": 5,
            "title": "Coquilles"
        }
    },
    {
        "pk": 24,
        "model": "tvseries.episode",
        "fields": {
            "season": 3,
            "description": "Entr\u00e9e",
            "location": "https://docs.google.com/file/d/0B_v6GKOK5J5WQ0hkR01XOHFHa0E/preview",
            "number": 6,
            "title": "Entr\u00e9e"
        }
    },
    {
        "pk": 25,
        "model": "tvseries.episode",
        "fields": {
            "season": 4,
            "description": "The Long Bright Dark",
            "location": "https://docs.google.com/file/d/0BzEu9HhZ1Ng2LUNoWjg1TXVRdDQ/preview",
            "number": 1,
            "title": "The Long Bright Dark"
        }
    },
    {
        "pk": 26,
        "model": "tvseries.episode",
        "fields": {
            "season": 4,
            "description": "Seeing Things",
            "location": "https://docs.google.com/file/d/0BzEu9HhZ1Ng2QUJDMms2LUx3YWM/preview",
            "number": 2,
            "title": "Seeing Things"
        }
    },
    {
        "pk": 27,
        "model": "tvseries.episode",
        "fields": {
            "season": 4,
            "description": "The Locked Room",
            "location": "https://docs.google.com/file/d/0BzEu9HhZ1Ng2RWxKc0QxSkVKbGM/preview",
            "number": 3,
            "title": "The Locked Room"
        }
    },
    {
        "pk": 28,
        "model": "tvseries.episode",
        "fields": {
            "season": 4,
            "description": "Who Goes There",
            "location": "https://docs.google.com/file/d/0BzEu9HhZ1Ng2bk1yTWhEVGpjR3M/preview",
            "number": 4,
            "title": "Who Goes There"
        }
    },
    {
        "pk": 29,
        "model": "tvseries.episode",
        "fields": {
            "season": 2,
            "description": "The Mountain and the Viper",
            "location": "https://docs.google.com/file/d/0B00PwPPM4oCIdzVHMlo3bVBWaXM/preview",
            "number": 8,
            "title": "The Mountain and the Viper"
        }
    },
    {
        "pk": 30,
        "model": "tvseries.episode",
        "fields": {
            "season": 3,
            "description": "Sorbet",
            "location": "https://docs.google.com/file/d/0BzEu9HhZ1Ng2WjdHRjdBV0duOWc/preview",
            "number": 7,
            "title": "Sorbet"
        }
    },
    {
        "pk": 31,
        "model": "tvseries.episode",
        "fields": {
            "season": 3,
            "description": "Fromage",
            "location": "https://docs.google.com/file/d/0BzEu9HhZ1Ng2cVhnNjYtYlJoNHc/preview",
            "number": 8,
            "title": "Fromage"
        }
    },
    {
        "pk": 32,
        "model": "tvseries.episode",
        "fields": {
            "season": 3,
            "description": "Trou Normand",
            "location": "https://docs.google.com/file/d/0BzEu9HhZ1Ng2OXB2dE1GbXIyeE0/preview",
            "number": 9,
            "title": "Trou Normand"
        }
    },
    {
        "pk": 33,
        "model": "tvseries.episode",
        "fields": {
            "season": 3,
            "description": "Buffet Froid",
            "location": "https://docs.google.com/file/d/0BzEu9HhZ1Ng2aDA4M3dzeTdyWkU/preview",
            "number": 10,
            "title": "Buffet Froid"
        }
    },
    {
        "pk": 34,
        "model": "tvseries.episode",
        "fields": {
            "season": 3,
            "description": "R\u00f4ti",
            "location": "https://docs.google.com/file/d/0BzEu9HhZ1Ng2dS1GdzhXbzZ1eVk/preview",
            "number": 11,
            "title": "R\u00f4ti"
        }
    },
    {
        "pk": 35,
        "model": "tvseries.episode",
        "fields": {
            "season": 3,
            "description": "Relev\u00e9s",
            "location": "https://docs.google.com/file/d/0BzEu9HhZ1Ng2NmczbGpHY0ZzZjA/preview",
            "number": 12,
            "title": "Relev\u00e9s"
        }
    },
    {
        "pk": 36,
        "model": "tvseries.episode",
        "fields": {
            "season": 3,
            "description": "Savoureux",
            "location": "https://docs.google.com/file/d/0BzEu9HhZ1Ng2bXlpeGdYb3dqd2M/preview",
            "number": 13,
            "title": "Savoureux"
        }
    },
    {
        "pk": 37,
        "model": "tvseries.episode",
        "fields": {
            "season": 4,
            "description": "The Secret Fate of All Life",
            "location": "https://docs.google.com/file/d/0BzEu9HhZ1Ng2clBrWjh4WG5RQkE/preview",
            "number": 5,
            "title": "The Secret Fate of All Life"
        }
    },
    {
        "pk": 38,
        "model": "tvseries.episode",
        "fields": {
            "season": 4,
            "description": "Haunted Houses",
            "location": "https://docs.google.com/file/d/0BzEu9HhZ1Ng2QU5qNk51QVJJSVk/preview",
            "number": 6,
            "title": "Haunted Houses"
        }
    },
    {
        "pk": 39,
        "model": "tvseries.episode",
        "fields": {
            "season": 4,
            "description": "After You've Gone",
            "location": "https://docs.google.com/file/d/0BzEu9HhZ1Ng2bmhpWXpiek1DeEk/preview",
            "number": 7,
            "title": "After You've Gone"
        }
    },
    {
        "pk": 40,
        "model": "tvseries.episode",
        "fields": {
            "season": 4,
            "description": "Form and Void",
            "location": "https://docs.google.com/file/d/0BzEu9HhZ1Ng2N3J3Y0ZUWU1hNzg/preview",
            "number": 8,
            "title": "Form and Void"
        }
    },
    {
        "pk": 25,
        "model": "auth.permission",
        "fields": {
            "codename": "add_logentry",
            "name": "Can add log entry",
            "content_type": 9
        }
    },
    {
        "pk": 26,
        "model": "auth.permission",
        "fields": {
            "codename": "change_logentry",
            "name": "Can change log entry",
            "content_type": 9
        }
    },
    {
        "pk": 27,
        "model": "auth.permission",
        "fields": {
            "codename": "delete_logentry",
            "name": "Can delete log entry",
            "content_type": 9
        }
    },
    {
        "pk": 4,
        "model": "auth.permission",
        "fields": {
            "codename": "add_group",
            "name": "Can add group",
            "content_type": 2
        }
    },
    {
        "pk": 5,
        "model": "auth.permission",
        "fields": {
            "codename": "change_group",
            "name": "Can change group",
            "content_type": 2
        }
    },
    {
        "pk": 6,
        "model": "auth.permission",
        "fields": {
            "codename": "delete_group",
            "name": "Can delete group",
            "content_type": 2
        }
    },
    {
        "pk": 10,
        "model": "auth.permission",
        "fields": {
            "codename": "add_message",
            "name": "Can add message",
            "content_type": 4
        }
    },
    {
        "pk": 11,
        "model": "auth.permission",
        "fields": {
            "codename": "change_message",
            "name": "Can change message",
            "content_type": 4
        }
    },
    {
        "pk": 12,
        "model": "auth.permission",
        "fields": {
            "codename": "delete_message",
            "name": "Can delete message",
            "content_type": 4
        }
    },
    {
        "pk": 1,
        "model": "auth.permission",
        "fields": {
            "codename": "add_permission",
            "name": "Can add permission",
            "content_type": 1
        }
    },
    {
        "pk": 2,
        "model": "auth.permission",
        "fields": {
            "codename": "change_permission",
            "name": "Can change permission",
            "content_type": 1
        }
    },
    {
        "pk": 3,
        "model": "auth.permission",
        "fields": {
            "codename": "delete_permission",
            "name": "Can delete permission",
            "content_type": 1
        }
    },
    {
        "pk": 7,
        "model": "auth.permission",
        "fields": {
            "codename": "add_user",
            "name": "Can add user",
            "content_type": 3
        }
    },
    {
        "pk": 8,
        "model": "auth.permission",
        "fields": {
            "codename": "change_user",
            "name": "Can change user",
            "content_type": 3
        }
    },
    {
        "pk": 9,
        "model": "auth.permission",
        "fields": {
            "codename": "delete_user",
            "name": "Can delete user",
            "content_type": 3
        }
    },
    {
        "pk": 13,
        "model": "auth.permission",
        "fields": {
            "codename": "add_contenttype",
            "name": "Can add content type",
            "content_type": 5
        }
    },
    {
        "pk": 14,
        "model": "auth.permission",
        "fields": {
            "codename": "change_contenttype",
            "name": "Can change content type",
            "content_type": 5
        }
    },
    {
        "pk": 15,
        "model": "auth.permission",
        "fields": {
            "codename": "delete_contenttype",
            "name": "Can delete content type",
            "content_type": 5
        }
    },
    {
        "pk": 22,
        "model": "auth.permission",
        "fields": {
            "codename": "add_movie",
            "name": "Can add movie",
            "content_type": 8
        }
    },
    {
        "pk": 23,
        "model": "auth.permission",
        "fields": {
            "codename": "change_movie",
            "name": "Can change movie",
            "content_type": 8
        }
    },
    {
        "pk": 24,
        "model": "auth.permission",
        "fields": {
            "codename": "delete_movie",
            "name": "Can delete movie",
            "content_type": 8
        }
    },
    {
        "pk": 16,
        "model": "auth.permission",
        "fields": {
            "codename": "add_session",
            "name": "Can add session",
            "content_type": 6
        }
    },
    {
        "pk": 17,
        "model": "auth.permission",
        "fields": {
            "codename": "change_session",
            "name": "Can change session",
            "content_type": 6
        }
    },
    {
        "pk": 18,
        "model": "auth.permission",
        "fields": {
            "codename": "delete_session",
            "name": "Can delete session",
            "content_type": 6
        }
    },
    {
        "pk": 19,
        "model": "auth.permission",
        "fields": {
            "codename": "add_site",
            "name": "Can add site",
            "content_type": 7
        }
    },
    {
        "pk": 20,
        "model": "auth.permission",
        "fields": {
            "codename": "change_site",
            "name": "Can change site",
            "content_type": 7
        }
    },
    {
        "pk": 21,
        "model": "auth.permission",
        "fields": {
            "codename": "delete_site",
            "name": "Can delete site",
            "content_type": 7
        }
    },
    {
        "pk": 31,
        "model": "auth.permission",
        "fields": {
            "codename": "add_migrationhistory",
            "name": "Can add migration history",
            "content_type": 11
        }
    },
    {
        "pk": 32,
        "model": "auth.permission",
        "fields": {
            "codename": "change_migrationhistory",
            "name": "Can change migration history",
            "content_type": 11
        }
    },
    {
        "pk": 33,
        "model": "auth.permission",
        "fields": {
            "codename": "delete_migrationhistory",
            "name": "Can delete migration history",
            "content_type": 11
        }
    },
    {
        "pk": 40,
        "model": "auth.permission",
        "fields": {
            "codename": "add_episode",
            "name": "Can add episode",
            "content_type": 14
        }
    },
    {
        "pk": 41,
        "model": "auth.permission",
        "fields": {
            "codename": "change_episode",
            "name": "Can change episode",
            "content_type": 14
        }
    },
    {
        "pk": 42,
        "model": "auth.permission",
        "fields": {
            "codename": "delete_episode",
            "name": "Can delete episode",
            "content_type": 14
        }
    },
    {
        "pk": 37,
        "model": "auth.permission",
        "fields": {
            "codename": "add_season",
            "name": "Can add season",
            "content_type": 13
        }
    },
    {
        "pk": 38,
        "model": "auth.permission",
        "fields": {
            "codename": "change_season",
            "name": "Can change season",
            "content_type": 13
        }
    },
    {
        "pk": 39,
        "model": "auth.permission",
        "fields": {
            "codename": "delete_season",
            "name": "Can delete season",
            "content_type": 13
        }
    },
    {
        "pk": 34,
        "model": "auth.permission",
        "fields": {
            "codename": "add_tvshow",
            "name": "Can add tv show",
            "content_type": 12
        }
    },
    {
        "pk": 35,
        "model": "auth.permission",
        "fields": {
            "codename": "change_tvshow",
            "name": "Can change tv show",
            "content_type": 12
        }
    },
    {
        "pk": 36,
        "model": "auth.permission",
        "fields": {
            "codename": "delete_tvshow",
            "name": "Can delete tv show",
            "content_type": 12
        }
    },
    {
        "pk": 28,
        "model": "auth.permission",
        "fields": {
            "codename": "add_movie",
            "name": "Can add movie",
            "content_type": 10
        }
    },
    {
        "pk": 29,
        "model": "auth.permission",
        "fields": {
            "codename": "change_movie",
            "name": "Can change movie",
            "content_type": 10
        }
    },
    {
        "pk": 30,
        "model": "auth.permission",
        "fields": {
            "codename": "delete_movie",
            "name": "Can delete movie",
            "content_type": 10
        }
    },
    {
        "pk": 1,
        "model": "auth.user",
        "fields": {
            "username": "cizrage",
            "first_name": "",
            "last_name": "",
            "is_active": true,
            "is_superuser": true,
            "is_staff": true,
            "last_login": "2014-06-02 22:25:50",
            "groups": [],
            "user_permissions": [],
            "password": "sha1$2c90b$10aa004ee98679d48278625764e0582757da3e69",
            "email": "thu.ya.a@gmail.com",
            "date_joined": "2014-05-29 09:52:37"
        }
    }
]